miR,Target,category,cor
"gma-miR156(k,n,o)",Glyma06g36140,known,-0.793254349
"gma-miR156(k,n,o)",Glyma03g29901,known,-0.783732533
"gma-miR156(a,h,u,v,w,x,y)",Glyma06g36140,known,-0.781939845
"gma-miR156(c,d,i,j,l,m)",Glyma01g08056,known,-0.758367493
"gma-miR396(b-5p,c,k-5p)",Glyma01g02880,known,-0.751431379
"gma-miR160(a-5p,f)",Glyma14g33730,known,-0.745421138
"gma-miR160(a-5p,f)",Glyma13g02410,known,-0.743880032
"gma-miR390(b-5p,d)",Glyma20g25540,novel,-0.736842105
"gma-miR156(p,t)",Glyma18g36960,known,-0.719068954
"gma-miR156(a,h,u,v,w,x,y)",Glyma12g27330,known,-0.715221141
"gma-miR156(b,f)-NV",Glyma16g05895,known,-0.711753898
"gma-miR156(b,f)-NV",Glyma19g26390,known,-0.703811275
"gma-miR156(k,n,o)",Glyma05g38180,known,-0.697575158
"gma-miR167(e,f)",Glyma02g45100,known,-0.692745377
"gma-miR398(c,d)",Glyma05g04170,known,-0.677572309
"gma-miR156(a,h,u,v,w,x,y)",Glyma19g26390,known,-0.67733523
"gma-miR169(k,l-5p)",Glyma13g16770,known,-0.676889847
gma-miR172c,Glyma12g07800,known,-0.669716265
"gma-miR319(h,j,k,m)",Glyma13g36840,known,-0.668800379
"gma-miR398(c,d)",Glyma06g19680,novel,-0.660976766
"gma-miR169(k,l-5p)",Glyma12g36540,known,-0.657153018
"gma-miR169(k,l-5p)",Glyma09g07960,known,-0.656597051
"gma-miR156(k,n,o)",Glyma08g01450,known,-0.651221921
"gma-miR169(k,l-5p)",Glyma15g18970,known,-0.650898389
"gma-miR390(b-5p,d)",Glyma10g41680,novel,-0.648648649
"gma-miR160(b,c,d,e)",Glyma13g02410,known,-0.644543403
"gma-miR319(a,b,e)",Glyma13g04031,known,-0.640113798
gma-miR169j-5p,Glyma15g18970,known,-0.638279172
"gma-miR156(c,d,i,j,l,m)",Glyma02g13371,known,-0.63493992
"gma-miR319(a,b,e)",Glyma13g36840,known,-0.631816027
"gma-miR167(a,b,d)",Glyma10g35160,novel,-0.626311751
"gma-miR156(c,d,i,j,l,m)",Glyma18g36960,known,-0.62595057
"gma-miR156(q,s)",Glyma19g26390,known,-0.618931896
"gma-miR167(e,f)",Glyma14g03650,known,-0.617828355
"gma-miR156(k,n,o)",Glyma18g00903,known,-0.615366392
"gma-miR167(e,f)",Glyma11g01430,novel,-0.607159791
"gma-miR160(b,c,d,e)",Glyma14g33730,known,-0.606106226
"gma-miR169(k,l-5p)",Glyma17g05920,known,-0.604058168
"gma-miR156(k,n,o)",Glyma19g26390,known,-0.602798215
gma-miR169j-5p,Glyma12g36540,known,-0.600964874
"gma-miR398(a,b-3p)-NV",Glyma03g32590,novel,-0.600663996
"gma-miR319(a,b,e)",Glyma12g33640,known,-0.596965386
"gma-miR167(e,f)",Glyma01g43960,novel,-0.593646278
"gma-miR167(a,b,d)",Glyma11g33110,novel,-0.592912662
gma-MIR482c-5p-NV2,Glyma08g18860,novel,-0.589615932
gma-miR169j-5p,Glyma13g16770,known,-0.58947144
"gma-miR156(q,s)",Glyma12g27330,known,-0.589468288
"gma-miR169(k,l-5p)",Glyma13g27230,known,-0.58918605
"gma-miR156(k,n,o)",Glyma12g27330,known,-0.588845872
"gma-miR156(c,d,i,j,l,m)",Glyma17g08840,known,-0.587230416
"gma-miR169(a,f,g,m)",Glyma14g01360,known,-0.585535333
"gma-miR394(a-5p,b-5p,c-5p,d,e,f,g)",Glyma11g07020,novel,-0.582611892
"gma-miR319(h,j,k,m)",Glyma12g33640,known,-0.582503556
"gma-miR167(c,j)",Glyma15g00770,novel,-0.580844002
"gma-miR408(a-3p,b-3p,c-3p)",Glyma03g02360,novel,-0.575154101
"gma-miR319(h,j,k,m)",Glyma13g29160,known,-0.572309151
gma-miR156f,Glyma16g05895,known,-0.569633459
"gma-miR396(a-5p,i-5p)",Glyma01g02880,known,-0.566236067
"gma-miR167(e,f)",Glyma01g39306,novel,-0.566042226
"gma-miR167(a,b,d)",Glyma08g00420,novel,-0.564465547
gma-miR169j-5p,Glyma09g07960,known,-0.5616038
"gma-miR394(a-5p,b-5p,c-5p,d,e,f,g)",Glyma01g38340,novel,-0.560702292
"gma-miR169(a,f,g,m)",Glyma15g18970,known,-0.55388903
"gma-miR156(k,n,o)",Glyma04g05720,novel,-0.547782799
gma-miR156f,Glyma19g26390,known,-0.546646592
"gma-miR156(b,f)-NV",Glyma12g27330,known,-0.545233929
"gma-miR398(c,d)",Glyma14g39910,novel,-0.544333807
"gma-miR169(k,l-5p)",Glyma14g01360,known,-0.543735746
"gma-miR169(a,f,g,m)",Glyma12g36540,known,-0.539561599
"gma-miR156(b,f)-NV",Glyma06g36140,known,-0.534099662
"gma-miR169(k,l-5p)",Glyma02g47380,known,-0.53372834
"gma-miR396(b-3p,k-3p)",Glyma10g40461,novel,-0.52604024
"gma-miR393(c-5p,d,e,f,g)",Glyma02g43980,novel,-0.525712444
"gma-miR396(a-5p,i-5p)",Glyma12g13430,novel,-0.523819744
"gma-miR156(b,f)-NV",Glyma08g01450,known,-0.520789848
"gma-miR156(a,h,u,v,w,x,y)",Glyma03g29901,known,-0.516121385
"gma-miR169(a,f,g,m)",Glyma13g16770,known,-0.515315178
"gma-miR396(a-5p,i-5p)",Glyma19g33530,novel,-0.514225735
"gma-miR156(a,h,u,v,w,x,y)",Glyma05g38180,known,-0.513899592
gma-miR169j-5p,Glyma17g05920,known,-0.511851403
gma-MIR1508a-5pNew,Glyma11g37570,novel,-0.508570826
"gma-miR319(a,b,e)",Glyma13g29160,known,-0.505452821
"gma-miR168(a-3p,b-3p)New",Glyma13g26970,novel,-0.503082029
"gma-miR156(q,s)",Glyma06g36140,known,-0.503067483
"gma-miR156(c,d,i,j,l,m)",Glyma03g27195,known,-0.499243525
"gma-miR171(e,f,g,j-3p,u)",Glyma11g17490,known,-0.49917004
"gma-miR167(a,b,d)",Glyma05g27580,known,-0.498575552
"gma-miR171(e,f,g,j-3p,u)",Glyma01g18040,known,-0.495138738
"gma-miR156(a,h,u,v,w,x,y)",Glyma18g00903,known,-0.493361783
gma-miR319p,Glyma04g15150,known,-0.486444182
gma-miR156e,Glyma18g36960,known,-0.485896324
"gma-miR169(a,f,g,m)",Glyma13g27230,known,-0.484770984
gma-miR319p,Glyma06g47000,known,-0.483114001
"gma-miR169(a,f,g,m)",Glyma02g47380,known,-0.477685991
"gma-miR156(k,n,o)",Glyma0005s50,known,-0.476879311
"gma-miR156(a,h,u,v,w,x,y)",Glyma08g01450,known,-0.476689276
"gma-miR396(b-5p,c,k-5p)",Glyma09g00413,novel,-0.472972973
"gma-miR396(a-5p,i-5p)",Glyma09g00413,novel,-0.472175398
"gma-miR2111(b,c,e,f)",Glyma19g25770,novel,-0.471566082
gma-miR167g,Glyma15g00770,novel,-0.464675261
gma-miR172c,Glyma13g40470,known,-0.460988363
"gma-miR396(a-5p,i-5p)",Glyma06g44330,novel,-0.459834311
"gma-miR160(b,c,d,e)",Glyma11g20490,known,-0.456681703
"gma-miR156(c,d,i,j,l,m)",Glyma11g36980,known,-0.447899675
gma-miR169j-5p,Glyma14g01360,known,-0.445409911
gma-miR156e,Glyma01g08056,known,-0.443184162
gma-miR168a,Glyma10g30650,novel,-0.443100996
"gma-miR396(b-5p,c,k-5p)",Glyma12g37040,novel,-0.440493125
gma-miR169d,Glyma14g01360,known,-0.438866083
"gma-miR159(a-3p,e-3p)",Glyma13g34710,novel,-0.437648174
"gma-miR164(b,c,d)",Glyma11g26470,novel,-0.433065479
gma-miRPubNew187,Glyma07g12970,novel,-0.431873626
gma-miR169d,Glyma12g36540,known,-0.431390408
gma-miR169j-5p,Glyma13g27230,known,-0.42998037
"gma-miR164(a,e,f,g,h,i,j,k)",Glyma11g26470,novel,-0.429350403
gma-miR396h,Glyma12g09250,novel,-0.428582109
"gma-miR167(a,b,d)",Glyma0024s00245,novel,-0.425787328
"gma-miR156(b,f)-NV",Glyma03g29901,known,-0.424633988
gma-miR396d,Glyma06g36210,novel,-0.424040106
gma-MIR1508a-5pNew,Glyma18g01520,novel,-0.419604447
"gma-miR169(a,f,g,m)",Glyma17g05920,known,-0.416597605
"gma-miR156(b,f)-NV",Glyma18g00903,known,-0.416454271
"gma-miR156(c,d,i,j,l,m)",Glyma06g22545,known,-0.415862191
"gma-miR156(k,n,o)",Glyma16g05895,known,-0.414512698
gma-miR169d,Glyma13g27230,known,-0.414240331
"gma-miR164(a,e,f,g,h,i,j,k)",Glyma06g21020,known,-0.406827881
"gma-miR169(k,l-5p)",Glyma08g45030,known,-0.406550884
"gma-miR396(a-5p,i-5p)",Glyma07g01720,novel,-0.405417518
"gma-miR156(p,t)",Glyma01g08056,known,-0.405389572
"gma-miR156(k,n,o)",Glyma19g32800,known,-0.404553011
"gma-miR169(a,f,g,m)",Glyma09g07960,known,-0.401640397
"gma-miR156(b,f)-NV",Glyma05g38180,known,-0.401066983
gma-miR156f,Glyma06g36140,known,-0.397777395
"gma-miR156(b,f)-NV",Glyma07g31880,known,-0.397728234
gma-miR156f,Glyma12g27330,known,-0.392569394
gma-miR2118a-3p-NV,Glyma15g38051,novel,-0.390146963
gma-miR168a,Glyma20g30460,novel,-0.384479513
gma-miR156e,Glyma11g36980,known,-0.383163325
gma-miR319n,Glyma04g15150,known,-0.381655053
"gma-miR319(h,j,k,m)",Glyma15g09910,known,-0.381223329
gma-miR5770a,Glyma17g02260,novel,-0.378996512
gma-miR396h,Glyma14g40370,novel,-0.378877118
gma-miR319q,Glyma13g04031,known,-0.378781866
"gma-miR156(k,n,o)",Glyma04g32002,known,-0.374933308
gma-miR169d,Glyma02g47380,known,-0.374223484
gma-miR482e,Glyma12g09670,novel,-0.374185588
"gma-miR156(c,d,i,j,l,m)",Glyma02g30670,known,-0.37360577
"gma-miR164(b,c,d)",Glyma06g35660,known,-0.369381406
"gma-miR396(b-5p,c,k-5p)",Glyma19g33530,novel,-0.368183973
"gma-miR408(a-5p,c-5p)",Glyma20g30450,novel,-0.367900491
"gma-miR395(a,b,c)",Glyma06g43546,novel,-0.364454152
gma-miR172c,Glyma05g18041,known,-0.362877616
"gma-miR156(a,h,u,v,w,x,y)",Glyma0005s50,known,-0.362494073
"gma-miR319(h,j,k,m)",Glyma05g27367,known,-0.362256994
"gma-miR160(a-5p,f)",Glyma11g20490,known,-0.36144864
miRC14,Glyma17g04890,novel,-0.357278331
gma-miR319q,Glyma12g33640,known,-0.354479489
"gma-miR319(a,b,e)",Glyma05g27367,known,-0.352773826
gma-miR408d,Glyma06g12680,known,-0.351135084
"gma-miR167(e,f)",Glyma15g00770,novel,-0.344950213
"gma-miR167(c,j)",Glyma08g10550,known,-0.343527738
"gma-miR159(a-3p,e-3p)",Glyma13g25716,known,-0.341631105
gma-miR396i-3p,Glyma08g10640,novel,-0.341101447
"gma-miR403(a,b)",Glyma20g02820,novel,-0.340919867
gma-miR2109-5p,Glyma02g02790,known,-0.340881681
"gma-miR319(g,l)",Glyma13g29160,known,-0.335523279
gma-miR408d,Glyma04g42120,known,-0.335295736
"gma-miR164(b,c,d)",Glyma12g06990,novel,-0.335165691
"gma-miR319(a,b,e)",Glyma15g09910,known,-0.334992888
gma-miR319q,Glyma13g36840,known,-0.334846042
"gma-miR167(e,f)",Glyma08g10550,known,-0.332147937
gma-miR396h,Glyma03g35010,known,-0.332134676
novel-miRNA-72,Glyma11g20470,novel,-0.328117591
gma-miR169d,Glyma15g18970,known,-0.326730962
"gma-miR167(e,f)",Glyma18g05330,known,-0.326695116
gma-miR171d,Glyma01g18040,known,-0.326092897
gma-miR169j-5p,Glyma02g47380,known,-0.325909691
"gma-miR393(h,i,j,k)",Glyma08g23320,novel,-0.324513678
gma-miR396h,Glyma19g37740,known,-0.322259512
"gma-miR319(g,l)",Glyma13g36840,known,-0.322171579
gma-miR172c,Glyma11g15650,known,-0.321878483
"gma-miR156(k,n,o)",Glyma07g31880,known,-0.319344516
"gma-miR167(a,b,d)",Glyma19g09650,novel,-0.318854415
"gma-miR396(b-5p,c,k-5p)",Glyma19g32900,novel,-0.317963404
"gma-miR160(a-5p,f)",Glyma12g08110,known,-0.317230752
"gma-miR164(a,e,f,g,h,i,j,k)",Glyma06g35660,known,-0.311168789
gma-miR4996,Glyma04g09110,novel,-0.306651444
"gma-miR166(p,q,r,s,t)",Glyma05g30000,known,-0.306543385
gma-miR1514a-5p-NV,Glyma16g01930,novel,-0.30537609
gma-miR169d,Glyma13g16770,known,-0.305183428
"gma-miR171(r,s)",Glyma13g02840,known,-0.304155045
gma-miR156f,Glyma05g38180,known,-0.303255687
gma-miR393c-3p,Glyma19g43880,novel,-0.300292
"gma-miR171(c-3p,o-3p,q)",Glyma10g40780,novel,-0.299668089
gma-miR393a,Glyma10g24120,novel,-0.297958587
"gma-miR397(a,b-5p)",Glyma08g47380,known,-0.290794083
"gma-miR167(a,b,d)",Glyma19g22831,novel,-0.289249939
gma-miR156e,Glyma06g22545,known,-0.28717174
gma-miR2109-5p,Glyma16g34060,novel,-0.286211736
"gma-miR167(c,j)",Glyma15g01220,novel,-0.285371271
"gma-miR398(a,b-3p)-NV",Glyma19g35340,novel,-0.284799629
gma-miR156e,Glyma02g13371,known,-0.284644274
"gma-miR395(a,b,c)",Glyma18g36276,known,-0.284475929
"gma-miR319(g,l)",Glyma12g33640,known,-0.283476374
"gma-miR396(a-5p,i-5p)",Glyma12g05400,novel,-0.283067666
"gma-miR4415(a-3p,b-3p)",Glyma20g12150,novel,-0.282910285
gma-miR156f,Glyma08g01450,known,-0.282806174
gma-miR169j-5p-NV,Glyma13g27230,known,-0.281803488
gma-miR4364a,Glyma02g16530,novel,-0.281488639
gma-miR171i-3p,Glyma10g40780,novel,-0.280059902
gma-miR156f,Glyma03g29901,known,-0.279935957
gma-miR1507c-3p,Glyma16g34340,novel,-0.277750777
gma-miR169d,Glyma17g05920,known,-0.271323019
gma-miR319p,Glyma15g35860,known,-0.269030987
"gma-miR171(n,p)",Glyma01g18040,known,-0.268440271
gma-miR156e,Glyma17g08840,known,-0.268274955
"gma-miR2111(b,c,e,f)",Glyma13g06010,novel,-0.267936526
gma-miR156f,Glyma17g08840,known,-0.267025524
"gma-miR172(a,b-3p,h-3p)",Glyma02g09600,known,-0.265606327
gma-miR1509a,Glyma17g13200,novel,-0.264168848
"gma-miR396(a-5p,i-5p)",Glyma19g32900,novel,-0.260554453
gma-miR319c,Glyma07g05660,novel,-0.259838495
"gma-miR167(a,b,d)",Glyma19g33690,novel,-0.258088967
gma-miR4996,Glyma13g25260,novel,-0.257545943
gma-miR4348d,Glyma13g00300,novel,-0.256278306
"gma-miR156(q,s)",Glyma05g38180,known,-0.254416123
gma-miR1508c,Glyma16g32420,known,-0.251303936
gma-miR4996,Glyma16g29370,novel,-0.249943562
"gma-miR156(p,t)",Glyma02g13371,known,-0.249107434
gma-miR167g,Glyma08g10550,known,-0.245945257
"gma-miR408(a-3p,b-3p,c-3p)",Glyma06g12680,known,-0.243494755
gma-miR319p,Glyma12g35701,novel,-0.240486586
"gma-miR167(c,j)",Glyma02g45100,known,-0.239212897
"gma-miR397(a,b-5p)",Glyma18g38690,known,-0.235600464
gma-miR396h,Glyma15g19460,known,-0.235028899
"gma-miR319(h,j,k,m)",Glyma08g10350,known,-0.234945472
"gma-miR319(a,b,e)",Glyma08g10350,known,-0.23257468
"gma-miR396(b-5p,c,k-5p)",Glyma13g17440,novel,-0.230915126
"gma-miR156(a,h,u,v,w,x,y)",Glyma04g32002,known,-0.230573173
gma-miR1509a,Glyma08g08430,novel,-0.229492651
"gma-miR2111(b,c,e,f)",Glyma16g06160,known,-0.227514954
gma-miR4996,Glyma11g20450,novel,-0.226034263
gma-miR1514a-5p-NV,Glyma07g05360,novel,-0.225113312
gma-miR319c,Glyma12g20160,known,-0.224439495
gma-miR172c,Glyma19g33750,known,-0.22440419
"gma-miR171(m,t)",Glyma01g18040,known,-0.222789493
gma-miR156e,Glyma03g27195,known,-0.221991783
"gma-miR160(b,c,d,e)",Glyma12g08110,known,-0.221974694
"gma-miR395(a,b,c)",Glyma14g34210,known,-0.221752385
"gma-miR160(a-5p,f)",Glyma10g06080,known,-0.221089444
"gma-miR156(p,t)",Glyma11g36980,known,-0.218427887
gma-miR396h,Glyma19g24451,novel,-0.216989627
gma-miR169d,Glyma19g38800,known,-0.216171478
gma-miR482c-5p-NV,Glyma11g05230,novel,-0.215754846
gma-miR5770a,Glyma06g17360,novel,-0.214574089
gma-miR1510b-3p,Glyma17g00830,novel,-0.214319583
gma-miRPubNew140,Glyma14g09830,novel,-0.211545451
gma-miR169d,Glyma09g07960,known,-0.207999657
gma-miR9730,Glyma13g27480,novel,-0.207642307
"gma-miR171(n,p)",Glyma11g17490,known,-0.207002374
"gma-miR156(q,s)",Glyma08g01450,known,-0.206462764
gma-miR396h,Glyma02g34810,novel,-0.205261108
"gma-miR156(p,t)",Glyma03g27195,known,-0.203891125
"gma-miR394(a-5p,b-5p,c-5p,d,e,f,g)",Glyma20g26830,novel,-0.202585731
gma-miR159a-5p,Glyma15g37050,novel,-0.201057032
"gma-miR159(a-3p,e-3p)",Glyma03g38120,novel,-0.200094832
gma-miR408d,Glyma06g10500,known,-0.20005923
gma-miR10440,Glyma17g08200,novel,-0.199383594
"gma-miR172(a,b-3p,h-3p)",Glyma03g33470,known,-0.198325254
gma-miR1507c-3p,Glyma09g29800,novel,-0.197271754
"gma-miR172(a,b-3p,h-3p)",Glyma10g22390,known,-0.197006017
gma-miR4996,Glyma09g23600,novel,-0.19652352
"gma-miR390(a-5p,f,g)",Glyma12g35440,novel,-0.195353248
"gma-miR169(k,l-5p)",Glyma18g07890,known,-0.195283416
gma-miR319c,Glyma06g34330,known,-0.194650911
gma-miR172c,Glyma15g04930,known,-0.194421159
"gma-miR319(g,l)",Glyma05g27367,known,-0.193352398
gma-miR408d,Glyma06g05890,novel,-0.192745377
"gma-miR171(m,t)",Glyma11g17490,known,-0.192364496
"gma-miR396(b-5p,c,k-5p)",Glyma04g36150,novel,-0.192271219
gma-miR4413b,Glyma07g11408,novel,-0.191831151
gma-miR167g,Glyma15g01220,novel,-0.191432924
"gma-miR156(q,s)",Glyma18g00903,known,-0.190741509
"gma-miR4415(a-3p,b-3p)",Glyma14g04530,novel,-0.190118903
gma-miRPubNew276,Glyma02g41040,novel,-0.190009326
gma-miR172c,Glyma17g18640,known,-0.188840391
"gma-miR171(e,f,g,j-3p,u)",Glyma01g38360,known,-0.187489179
gma-miR319n,Glyma15g09910,known,-0.186038881
gma-miR171b-3p,Glyma06g11610,known,-0.183998062
gma-miR408d,Glyma03g40250,novel,-0.183973447
gma-miR168b,Glyma05g00250,novel,-0.182669443
gma-miR171i-3p,Glyma11g17490,known,-0.182038936
"gma-miR159(a-3p,e-3p)",Glyma15g35860,known,-0.181365576
gma-miR159a-5p,Glyma15g37080,novel,-0.179619571
gma-miR482c-3p,Glyma19g39710,novel,-0.178562964
gma-miR4996,Glyma16g29340,novel,-0.178041188
gma-miR159e-5p,Glyma02g42526,novel,-0.177810888
"gma-miR160(b,c,d,e)",Glyma12g29720,known,-0.177531709
"gma-miR164(b,c,d)",Glyma06g21020,known,-0.176415909
gma-miR396h,Glyma09g38550,novel,-0.175448744
gma-miR10419,Glyma15g42660,novel,-0.174637422
"gma-miR394(a-5p,b-5p,c-5p,d,e,f,g)",Glyma18g00870,known,-0.172340203
gma-miR159e-5p,Glyma15g37050,novel,-0.172086331
"gma-miR156(b,f)-NV",Glyma19g32800,known,-0.168810385
"gma-miR167(c,j)",Glyma18g05330,known,-0.168326221
"gma-miR171(c-3p,o-3p,q)",Glyma11g17490,known,-0.168326221
"gma-miR171(c-3p,o-3p,q)",Glyma01g18040,known,-0.167852063
gma-miR319n,Glyma08g10350,known,-0.166884299
gma-miR171j-5p,Glyma18g13610,novel,-0.164760674
"gma-miR408(a-3p,b-3p,c-3p)",Glyma04g42120,known,-0.163432877
gma-miR5559,Glyma20g34670,novel,-0.162522523
"gma-miR396(b-5p,c,k-5p)",Glyma07g32230,novel,-0.161925083
gma-miR171b-3p,Glyma13g02840,known,-0.16163835
"gma-miR171(r,s)",Glyma06g11610,known,-0.161438266
"gma-miR167(a,b,d)",Glyma15g09750,known,-0.16127587
gma-miR1508c,Glyma09g30680,novel,-0.158843054
"gma-miR1513(a-5p,b)",Glyma17g02211,novel,-0.157932184
gma-miR2109-5p,Glyma16g33991,novel,-0.157203966
gma-miR394a-3p-NV,Glyma06g23234,novel,-0.15635676
"gma-miR167(c,j)",Glyma19g33690,novel,-0.156235183
gma-miR172c,Glyma01g39520,known,-0.154166308
"gma-miR171(r,s)",Glyma04g43090,known,-0.154043269
gma-miR169j-5p,Glyma08g45030,known,-0.153665632
gma-miR1507b,Glyma03g29370,known,-0.153390232
"gma-miR164(b,c,d)",Glyma12g26190,known,-0.153008797
"gma-miR160(a-5p,f)",Glyma09g28360,novel,-0.152806591
"gma-miR156(b,f)-NV",Glyma17g08840,known,-0.152332405
gma-miR156e,Glyma02g30670,known,-0.152174042
"gma-miR396(a-5p,i-5p)",Glyma09g07570,novel,-0.152046417
"gma-miR167(a,b,d)",Glyma02g40650,known,-0.15199894
"gma-miR397(a,b-5p)",Glyma10g14560,novel,-0.150553359
"gma-miR156(q,s)",Glyma06g22545,known,-0.149593713
"gma-miR396(b-5p,c,k-5p)",Glyma06g18790,novel,-0.149359886
gma-miR5374-5p,Glyma05g09440,novel,-0.148762174
"gma-miR408(a-3p,b-3p,c-3p)",Glyma06g10500,known,-0.148422995
gma-miR3522-NV2,Glyma13g21131,novel,-0.148328297
gma-miR1510b-3p,Glyma15g37255,novel,-0.147609244
"gma-miR395(a,b,c)",Glyma06g11150,known,-0.146478512
gma-miR156f,Glyma18g00903,known,-0.145793417
gma-miR5770b-NV,Glyma20g10380,novel,-0.145137925
gma-miR168b,Glyma09g29720,known,-0.143747719
"gma-miR319(d,o)",Glyma13g34690,known,-0.14258971
gma-miR171b-3p,Glyma04g43090,known,-0.141380283
"gma-miR394(a-5p,b-5p,c-5p,d,e,f,g)",Glyma11g36960,known,-0.139485258
gma-miR4413b,Glyma09g30621,novel,-0.135393457
gma-miR171i-3p,Glyma03g03760,known,-0.135362286
"gma-miR160(b,c,d,e)",Glyma10g06080,known,-0.13477035
"gma-miR1513(a-5p,b)",Glyma04g38431,novel,-0.132525021
gma-miR1507b,Glyma05g08621,known,-0.131909852
gma-miR396a-3p,Glyma08g10640,novel,-0.130536491
gma-miR408d,Glyma07g18500,novel,-0.130393551
gma-miR168b,Glyma16g34300,known,-0.130375838
gma-miR171i-3p,Glyma01g38360,known,-0.13009793
"gma-miR4415(a-3p,b-3p)",Glyma20g12230,novel,-0.129947998
gma-miR156f,Glyma19g32800,known,-0.128159656
"gma-miR408(a-3p,b-3p,c-3p)",Glyma06g05890,novel,-0.12802276
gma-miR5783,Glyma18g03380,novel,-0.126776898
"gma-miR171(c-3p,o-3p,q)",Glyma01g33270,known,-0.126126126
"gma-miR396(b-5p,c,k-5p)",Glyma02g30885,novel,-0.124878108
gma-miR1507b,Glyma19g31856,known,-0.123855467
"gma-miR396(b-5p,c,k-5p)",Glyma02g01370,novel,-0.123755334
gma-miR156f,Glyma07g31880,known,-0.122844502
gma-miR9757,Glyma20g21030,novel,-0.122599007
"gma-miR167(a,b,d)",Glyma14g38940,known,-0.122265188
gma-miR319p,Glyma13g25716,known,-0.120362228
gma-miR4996,Glyma16g06100,novel,-0.119968145
"gma-miR398(a,b-3p)-NV",Glyma06g19680,novel,-0.119279112
gma-miR394a-3p-NV,Glyma18g22896,known,-0.117843621
gma-miR171i-3p,Glyma01g33270,known,-0.117625159
gma-miR1510b-3p,Glyma16g33950,known,-0.117185277
"gma-miR319(g,l)",Glyma15g09910,known,-0.116951003
"gma-miR169(k,l-5p)",Glyma10g10240,known,-0.116804229
gma-miR1514a-5p-NV,Glyma16g01940,novel,-0.116768419
gma-miR171i-3p,Glyma15g01820,novel,-0.115358007
gma-miRPubNew862,Glyma18g51850,novel,-0.114983404
gma-miR399i,Glyma13g00630,novel,-0.11244433
"gma-miR172(a,b-3p,h-3p)",Glyma11g15650,known,-0.112161716
gma-miR159a-5p,Glyma15g37390,novel,-0.111664296
"gma-miR167(c,j)",Glyma05g27580,known,-0.111427217
"gma-miR156(c,d,i,j,l,m)",Glyma04g05720,novel,-0.111322177
gma-miR167g,Glyma15g09750,known,-0.109616995
gma-miR4374c,Glyma09g18450,novel,-0.108819346
"gma-miR2118(a-3p,b-3p)",Glyma13g37990,novel,-0.108337462
"gma-miR396(a-5p,i-5p)",Glyma08g21380,novel,-0.108333072
gma-miR1508c,Glyma09g30571,novel,-0.107159791
"gma-miR164(a,e,f,g,h,i,j,k)",Glyma04g33270,known,-0.1064738
"gma-miR398(c,d)",Glyma10g07601,novel,-0.106448554
"gma-miR167(a,b,d)",Glyma04g10976,novel,-0.106327897
gma-miR1508c,Glyma09g39260,novel,-0.106211475
gma-miRPubNew169,Glyma12g34221,novel,-0.105188033
gma-miR171d,Glyma11g17490,known,-0.104309838
gma-miR166u,Glyma10g02720,novel,-0.103603604
gma-miR156f,Glyma06g22545,known,-0.103197698
"gma-miR399(a,b,c,h)",Glyma06g12110,novel,-0.101094757
gma-miR5372,Glyma15g13500,novel,-0.10055219
gma-miR4412-5p,Glyma14g36390,novel,-0.100521574
gma-miR394a-3p-NV,Glyma14g36030,novel,-0.099409982
gma-miR4416b,Glyma02g18090,novel,-0.097723274
"gma-miR2118(a-3p,b-3p)",Glyma07g04460,novel,-0.097483289
"gma-miR167(c,j)",Glyma14g03650,known,-0.096491228
"gma-miR319(h,j,k,m)",Glyma12g35720,known,-0.095068753
gma-miR399i,Glyma06g12110,novel,-0.094514393
"gma-miR395(a,b,c)",Glyma08g26980,novel,-0.094373682
gma-miR5770b-NV,Glyma04g37740,novel,-0.094203662
gma-miR169d,Glyma08g45030,known,-0.094105553
"gma-miR398(a,b)",Glyma06g19680,novel,-0.093380761
"gma-miR396(a-5p,i-5p)",Glyma07g32230,novel,-0.093366003
"gma-miR408(a-5p,c-5p)",Glyma18g00360,novel,-0.093059096
"gma-miR156(p,t)",Glyma06g22545,known,-0.093033615
gma-miR1510b-3p,Glyma05g09440,known,-0.091275486
"gma-miR156(a,h,u,v,w,x,y)",Glyma08g46290,novel,-0.091038407
"gma-miR169(k,l-5p)",Glyma19g38800,known,-0.087390476
"gma-miR171(c-3p,o-3p,q)",Glyma01g38360,known,-0.086951545
"gma-miR159(a-3p,e-3p)",Glyma12g35701,novel,-0.085348506
"gma-miR156(a,h,u,v,w,x,y)",Glyma19g32800,known,-0.085111427
"gma-miR396(b-5p,c,k-5p)",Glyma12g05400,novel,-0.084637269
gma-miR1508c,Glyma16g27802,known,-0.083926031
"gma-miR167(e,f)",Glyma04g10976,novel,-0.083451873
"gma-miR167(e,f)",Glyma11g31940,known,-0.083214794
gma-miR167g,Glyma02g40650,known,-0.082905727
gma-miR168a,Glyma16g34300,known,-0.082029398
gma-miR482c-3p,Glyma03g37080,novel,-0.081337446
gma-miR1508c,Glyma16g28020,novel,-0.08131816
"gma-miR171(m,t)",Glyma10g40780,novel,-0.081215112
gma-miR4996,Glyma03g41880,novel,-0.081130394
gma-miR396h,Glyma06g04540,known,-0.080647181
"gma-miR156(c,d,i,j,l,m)",Glyma19g32800,known,-0.080465283
gma-miR408d,Glyma05g30380,known,-0.080132764
gma-miR5672,Glyma14g38550,novel,-0.079933612
gma-miR5372,Glyma15g13550,novel,-0.079766643
"gma-miR167(a,b,d)",Glyma09g23671,novel,-0.079686455
gma-miR1510b-3p,Glyma12g27800,known,-0.077287814
"gma-miR393(h,i,j,k)-NV",Glyma02g07240,known,-0.076345191
gma-miR167g,Glyma18g05330,known,-0.075471931
gma-miR393a,Glyma02g07240,known,-0.07541238
"gma-miR396(b-5p,c,k-5p)",Glyma09g07570,novel,-0.075391181
gma-miR4996,Glyma02g45910,novel,-0.074816281
"gma-miR160(b,c,d,e)",Glyma13g40030,known,-0.073030635
"gma-miR164(b,c,d)",Glyma12g35530,known,-0.072869677
"gma-miR164(b,c,d)",Glyma04g33270,known,-0.072399215
"gma-miR390(b-5p,d)",Glyma04g05912,novel,-0.071834993
"gma-miR169(o,r)",Glyma19g38800,known,-0.070787035
gma-miR1510b-3p,Glyma16g34111,known,-0.070586704
"gma-miR171(r,s)",Glyma13g30730,novel,-0.070113663
"gma-miR156(b,f)-NV",Glyma13g35000,known,-0.069946651
gma-miR1510b-3p,Glyma19g07700,known,-0.069555077
"gma-miR156(b,f)-NV",Glyma06g22545,known,-0.068683027
gma-miR1507a,Glyma11g33251,known,-0.068041726
"gma-miR482(b-3p,d-3p)",Glyma06g39990,known,-0.068041726
"gma-miR160(a-5p,f)",Glyma04g43350,known,-0.067927212
gma-miR169j-5p,Glyma18g07890,known,-0.067543603
gma-miRPubNew140,Glyma17g35340,novel,-0.065882092
gma-miR396h,Glyma12g05400,novel,-0.06353022
gma-MIR4345-3pNew,Glyma16g06950,novel,-0.063492651
"gma-miR396(a-5p,i-5p)",Glyma19g24451,novel,-0.062406452
"gma-miR167(c,j)",Glyma04g10976,novel,-0.062114746
gma-miR2109-5p,Glyma16g33950,known,-0.061427505
"gma-miR156(p,t)",Glyma17g08840,known,-0.061359094
"gma-miR397(a,b-5p)",Glyma18g38700,known,-0.060729566
"gma-miR156(p,t)",Glyma02g30670,known,-0.059523566
"gma-miR171(n,p)",Glyma10g40780,novel,-0.058888606
gma-miR4413b,Glyma16g31942,novel,-0.058147927
gma-miR4996,Glyma07g31310,novel,-0.057831229
"gma-miR156(q,s)",Glyma03g29901,known,-0.057258017
"gma-miR160(b,c,d,e)",Glyma04g43350,known,-0.0571753
gma-miR4348d,Glyma18g48610,novel,-0.057165137
"gma-miR156(b,f)-NV",Glyma0005s50,known,-0.056191097
gma-miR167g,Glyma10g35160,novel,-0.05581647
"gma-miR171(c-3p,o-3p,q)",Glyma03g03760,known,-0.055713608
gma-miR396h,Glyma18g47770,novel,-0.055630089
"gma-miR160(a-5p,f)",Glyma13g20382,known,-0.053701618
gma-miR167g,Glyma05g27580,known,-0.053674528
gma-miRPubNew862,Glyma15g27621,novel,-0.053553743
"gma-miR156(q,s)",Glyma0005s50,known,-0.053464525
"gma-miR164(a,e,f,g,h,i,j,k)",Glyma12g26190,known,-0.053078085
"gma-miR393(h,i,j,k)",Glyma02g07240,known,-0.051982916
"gma-miR408(a-3p,b-3p,c-3p)",Glyma08g13510,known,-0.051064265
"gma-miR167(c,j)",Glyma15g09750,known,-0.050497866
"gma-miR396(a-5p,i-5p)",Glyma02g27016,novel,-0.050214221
gma-miRPubNew519,Glyma03g14450,known,-0.050066691
gma-miR1510b-3p,Glyma17g20860,known,-0.04931247
gma-miR862b,Glyma16g00541,novel,-0.047705621
gma-miR1510b-3p,Glyma19g02670,known,-0.047407591
"gma-miR5038(a,b)",Glyma03g34390,novel,-0.046704599
gma-miR2118a-3p-NV,Glyma13g27000,novel,-0.046682873
"gma-miR166(h-5p,j-5p)",Glyma01g44770,novel,-0.045270998
"gma-miR171(c-3p,o-3p,q)",Glyma11g06980,known,-0.043674372
gma-miR171k-3p,Glyma07g02260,novel,-0.041929264
gma-miRPubNew519,Glyma06g43701,known,-0.041723763
gma-miR1507a,Glyma05g08621,known,-0.040549608
"gma-miR396(a-5p,i-5p)",Glyma02g34810,novel,-0.039607558
"gma-miR393(h,i,j,k)",Glyma16g05500,known,-0.039473658
gma-miR4414-5p,Glyma13g42891,novel,-0.039046185
gma-miR171i-3p,Glyma04g43090,known,-0.038020402
"gma-miR4415(a-3p,b-3p)",Glyma16g05235,novel,-0.037450284
"gma-miR171(c-3p,o-3p,q)",Glyma15g01820,novel,-0.036273115
gma-miR5037a-5p-NV_ 5044-5pNew,Glyma08g22020,novel,-0.034974451
gma-miR390f-NV,Glyma12g35440,novel,-0.034535733
gma-miR482c-5p-NV,Glyma01g40060,novel,-0.034141426
gma-miR1507b,Glyma04g29220,known,-0.033428165
"gma-miR408(a-3p,b-3p,c-3p)",Glyma13g02640,novel,-0.032242769
"gma-miR319(d,o)",Glyma12g35720,known,-0.031514392
"gma-miR172(a,b-3p,h-3p)",Glyma05g18041,known,-0.031221936
"gma-miR160(b,c,d,e)",Glyma13g20382,known,-0.030509509
"gma-miR167(c,j)",Glyma02g40650,known,-0.029871977
gma-miR4413b,Glyma08g09601,novel,-0.028503886
"gma-miR397(a,b-5p)",Glyma12g14230,known,-0.027148727
gma-miRPubNew140,Glyma13g28710,novel,-0.023628598
gma-miR1508c,Glyma09g30951,novel,-0.022759602
"gma-miR156(q,s)",Glyma04g32002,known,-0.021576763
"gma-miR167(a,b,d)",Glyma10g30370,novel,-0.02119722
"gma-miR319(a,b,e)",Glyma12g35720,known,-0.021100047
"gma-miR393(h,i,j,k)",Glyma19g27280,known,-0.020848763
gma-miR168b,Glyma10g30650,novel,-0.020535388
"gma-miR160(a-5p,f)",Glyma12g29720,known,-0.020390018
"gma-miR156(b,f)-NV",Glyma03g27195,known,-0.018460425
"gma-miR319(g,l)",Glyma08g10350,known,-0.017802267
"gma-miR395(a,b,c)",Glyma12g14420,novel,-0.017746057
gma-miR4996,Glyma13g25150,novel,-0.017074685
"gma-miR397(a,b-5p)",Glyma03g14450,known,-0.017013747
"gma-miR2118(a-3p,b-3p)",Glyma05g33260,novel,-0.016832622
gma-miR167g,Glyma14g38940,known,-0.016505547
"gma-miR396(a-5p,i-5p)",Glyma02g30885,novel,-0.015642246
novel-miRNA-39,Glyma20g32311,novel,-0.014653533
gma-miR5667-3p,Glyma11g03510,novel,-0.014530955
"gma-miR319(h,j,k,m)",Glyma13g34690,known,-0.013276434
gma-miR408d,Glyma08g13510,known,-0.010846586
"gma-miR167(a,b,d)",Glyma15g00770,novel,-0.010704151
gma-miR1509b,Glyma13g02640,novel,-0.009959687
gma-miR319p,Glyma03g38120,novel,-0.008563321
gma-miR169d,Glyma18g07890,known,-0.008355166
"gma-miR396(a-5p,i-5p)",Glyma13g24340,novel,-0.004276305
"gma-miR169(a,f,g,m)",Glyma02g35190,known,-0.002695795
"gma-miR171(n,p)",Glyma01g33270,known,-0.002039432
"gma-miR319(a,b,e)",Glyma13g34690,known,-0.001896633
gma-miR1507c-3p,Glyma15g40220,novel,-0.000981452
"gma-miR172(a,b-3p,h-3p)",Glyma17g18640,known,-0.000879491
"gma-miR396(b-5p,c,k-5p)",Glyma02g27016,novel,0.000603008
gma-miR1508c,Glyma09g30708,novel,0.001311092
"gma-miR160(a-5p,f)",Glyma13g40030,known,0.001422559
gma-miR171i-3p,Glyma11g06980,known,0.002269844
gma-miR319i,Glyma13g25716,known,0.003373218
gma-miR1510b-3p,Glyma06g22372,novel,0.003793267
gma-miR1507c-3p,Glyma02g27191,novel,0.004171169
"gma-miR393(h,i,j,k)-NV",Glyma12g04131,novel,0.006303002
"gma-miR169(a,f,g,m)",Glyma18g07890,known,0.006770105
"gma-miR169(a,f,g,m)",Glyma08g45030,known,0.007084993
gma-miR159a-5p,Glyma15g36990,novel,0.00737397
gma-miR4413b,Glyma09g30571,novel,0.007981088
"gma-miR169(k,l-5p)",Glyma02g35190,known,0.008819432
gma-miR319n,Glyma13g29160,known,0.009697007
gma-miR167g,Glyma04g10976,novel,0.009953727
gma-miR319c,Glyma12g14200,known,0.010322892
"gma-miR156(k,n,o)",Glyma17g08840,known,0.010433958
"gma-miR393(h,i,j,k)",Glyma05g29700,novel,0.01111934
"gma-miR156(b,f)-NV",Glyma12g35460,known,0.01165196
gma-miR2109-5p,Glyma06g41866,novel,0.012524247
"gma-miR167(a,b,d)",Glyma11g31940,known,0.013082851
gma-miR167g,Glyma11g31940,known,0.013607627
gma-miR1509b,Glyma08g08430,novel,0.013990989
"gma-miR396(a-5p,i-5p)",Glyma10g01400,novel,0.014135565
"gma-miR156(c,d,i,j,l,m)",Glyma04g32002,known,0.014242487
gma-miR156f,Glyma03g27195,known,0.014246762
gma-miR169j-5p,Glyma02g35190,known,0.014430433
gma-miR4348d,Glyma11g02020,novel,0.014833991
gma-miR169d,Glyma02g35190,known,0.015501744
"gma-miR164(a,e,f,g,h,i,j,k)",Glyma15g40510,known,0.016315458
gma-miR319p,Glyma19g40720,novel,0.016414004
gma-miR1509a,Glyma13g02640,novel,0.01730678
gma-miR2109-5p,Glyma16g33971,novel,0.017621928
"gma-miR164(b,c,d)",Glyma11g15010,novel,0.018156853
"gma-miR4416(a-5pNew, b-NV)",Glyma02g18090,novel,0.018930048
gma-miR156e,Glyma16g05895,known,0.019400675
gma-miR4413b,Glyma07g11290,novel,0.01995272
"gma-miR393(h,i,j,k)",Glyma08g12810,novel,0.020848763
gma-miR1507a,Glyma07g07680,novel,0.021811285
"gma-miR169(k,l-5p)",Glyma15g03175,known,0.021821706
"gma-miR2118(a-3p,b-3p)",Glyma17g33470,novel,0.022522523
"gma-miR156(q,s)",Glyma02g30670,known,0.022642404
gma-miR2109-5p,Glyma03g14615,known,0.022829423
"gma-miR164(a,e,f,g,h,i,j,k)",Glyma12g35530,known,0.022835521
gma-miR396h,Glyma19g32900,novel,0.023520551
gma-miR2109-5p,Glyma06g41896,novel,0.023616644
gma-miR4996,Glyma13g25181,novel,0.025540244
gma-miR5374-5p,Glyma17g20860,novel,0.027698896
gma-miR1507c-3p,Glyma04g29220,known,0.028462094
gma-miR1510b-3p,Glyma15g37276,known,0.028923661
"gma-miR390(b-5p,d)",Glyma14g11220,novel,0.028923661
"gma-miR164(a,e,f,g,h,i,j,k)",Glyma13g34950,known,0.02893052
gma-miR4414-3p,Glyma13g37701,novel,0.029023208
"gma-miR160(b,c,d,e)",Glyma19g36571,known,0.030269276
gma-miR169d,Glyma15g03175,known,0.03078219
gma-miRPubNew714,Glyma12g04490,novel,0.031073313
"gma-miR828(a,b)",Glyma09g37340,novel,0.032129726
gma-miR159d,Glyma06g41728,novel,0.032285849
gma-miR171k-3p,Glyma11g06980,known,0.032515569
gma-miR159e-5p,Glyma15g37390,novel,0.032783502
"gma-miR319(g,l)",Glyma12g35720,known,0.033131997
"gma-miR393(c-5p,d,e,f,g)",Glyma02g07240,known,0.034007274
gma-miR159a-5p,Glyma15g37310,novel,0.034376482
gma-miR171b-3p,Glyma13g30730,novel,0.034686341
"gma-miR160(b,c,d,e)",Glyma09g28360,novel,0.035554388
"gma-miR160(a-5p,f)",Glyma10g35481,known,0.035919625
gma-miR1509a,Glyma17g13205,novel,0.036057414
gma-miR4998-3pNew,Glyma06g09430,novel,0.036273115
"gma-miR156(c,d,i,j,l,m)",Glyma13g04871,novel,0.036790911
gma-miR862b,Glyma02g21170,novel,0.036912412
"gma-miR156(c,d,i,j,l,m)",Glyma16g05895,known,0.037028272
gma-miR319c,Glyma13g34690,known,0.037507084
gma-miR171i-3p,Glyma01g18040,known,0.037741406
"gma-miR167(c,j)",Glyma11g33110,novel,0.038890207
"gma-miR171(m,t)",Glyma01g33270,known,0.039012698
"gma-miR396(a-5p,i-5p)",Glyma13g30140,novel,0.039318253
gma-miR1507a,Glyma19g31856,known,0.039689594
gma-miR9730,Glyma15g11500,novel,0.040066902
"gma-miR159(a-3p,e-3p)",Glyma06g47000,known,0.040303461
"gma-miR167(e,f)",Glyma13g29320,known,0.041963016
gma-miRPubNew519,Glyma18g38710,known,0.042877659
"gma-miR172(a,b-3p,h-3p)",Glyma11g05720,known,0.043534812
gma-miR159e-5p,Glyma15g37080,novel,0.044077857
gma-miR168a,Glyma09g29720,known,0.045045045
gma-miR2109-5p,Glyma03g07181,known,0.045343957
"gma-miR156(q,s)",Glyma11g36980,known,0.046825914
gma-miR1507b,Glyma11g33251,known,0.047652916
gma-miR482a-5p,Glyma19g41090,novel,0.047701956
gma-miR9765,Glyma06g09050,novel,0.047878818
gma-miR4413b,Glyma13g30610,novel,0.048741645
"gma-miR160(a-5p,f)",Glyma20g32040,known,0.049196847
"gma-miR482(a-5p-NV, c-5p-NV)",Glyma14g35280,novel,0.049375819
gma-MIR4345-3pNew,Glyma16g06940,novel,0.049440775
"gma-miR408(a-3p,b-3p,c-3p)",Glyma05g30380,known,0.050497866
"gma-miR169(a,f,g,m)",Glyma10g10240,known,0.050537735
"gma-miR172(a,b-3p,h-3p)",Glyma01g39520,known,0.050570741
"gma-miR399(a,b,c,h)",Glyma04g42670,novel,0.050666313
gma-miR399i,Glyma04g42670,novel,0.051009974
gma-miR408d,Glyma09g21556,novel,0.051142053
gma-miR172c,Glyma06g14890,novel,0.051744401
"gma-miR167(c,j)",Glyma11g31940,known,0.052157421
gma-miRPubNew519,Glyma08g47380,known,0.052859225
"gma-miR397(a,b-5p)",Glyma06g43701,known,0.052967706
"gma-miR172(a,b-3p,h-3p)",Glyma05g31800,novel,0.053318833
"gma-miR156(k,n,o)",Glyma02g30670,known,0.053592603
"gma-miR390(a-3p,c)",Glyma12g01660,novel,0.054029497
"gma-miR164(b,c,d)",Glyma15g40510,known,0.05514181
gma-miRPubNew519,Glyma12g14230,known,0.056317836
gma-miR5770b-NV,Glyma17g02260,novel,0.057097266
gma-miR319q,Glyma13g34690,known,0.059139773
gma-miR5786-NV,Glyma09g06890,novel,0.060238499
"gma-miR156(a,h,u,v,w,x,y)",Glyma12g35460,known,0.060538553
gma-miR5783,Glyma15g18810,novel,0.060982328
gma-miR5372,Glyma17g08970,novel,0.06327765
gma-miR319c,Glyma12g35720,known,0.063436418
gma-miR1507a,Glyma03g29370,known,0.065670934
gma-miR1508c,Glyma16g25410,novel,0.065670934
"gma-miR5038(a,b)",Glyma11g20930,novel,0.065670934
gma-miR159a-5p,Glyma05g20973,novel,0.06685633
"gma-miR167(c,j)",Glyma15g16650,novel,0.067567568
gma-miR408d,Glyma14g35530,known,0.067747515
gma-miR5783,Glyma09g37020,novel,0.068794114
"gma-miR396(a-5p,i-5p)",Glyma02g02240,novel,0.068844568
gma-miR4348d,Glyma17g06370,novel,0.069104691
gma-miR156f,Glyma02g45180,novel,0.069590378
novel-miRNA-81,Glyma17g05960,novel,0.070310707
"gma-miR166(h-3p,k)",Glyma02g17070,novel,0.071123755
"gma-miR396(a-5p,i-5p)",Glyma06g46540,novel,0.071746903
gma-miR1509b,Glyma17g13205,novel,0.071776016
gma-miR862a,Glyma08g43140,novel,0.074268208
"gma-miR156(k,n,o)",Glyma06g22545,known,0.074419848
"gma-miR396(b-5p,c,k-5p)",Glyma10g01400,novel,0.076102418
gma-miR2109-5p,Glyma03g14888,known,0.07699026
gma-miR4996,Glyma13g29160,novel,0.077079831
"gma-miR397(a,b-5p)",Glyma18g07240,known,0.079313263
gma-miR1509a,Glyma16g05290,novel,0.080223912
gma-miR319c,Glyma15g09910,known,0.081647253
"gma-miR167(e,f)",Glyma19g33690,novel,0.081792319
"gma-miR319(g,l)",Glyma13g34690,known,0.081964604
gma-miR5671b,Glyma18g11930,novel,0.082200094
"gma-miR164(a,e,f,g,h,i,j,k)",Glyma05g00930,known,0.0837088
gma-miR319c,Glyma20g26050,novel,0.083938683
gma-miRPubNew140,Glyma15g10380,novel,0.085201946
"gma-miR167(c,j)",Glyma19g45130,novel,0.085585586
gma-miR168b,Glyma20g30460,novel,0.085791267
gma-miR156e,Glyma04g32002,known,0.085792443
"gma-miR397(a,b-5p)",Glyma18g38710,known,0.086722953
"gma-miR162(b,c)",Glyma18g29390,novel,0.087315606
gma-miR862b,Glyma17g36810,novel,0.087568761
"gma-miR160(b,c,d,e)",Glyma20g32040,known,0.088165274
"gma-miR167(a,b,d)",Glyma13g29320,known,0.089914866
gma-miR172c,Glyma19g36200,known,0.090019254
gma-miR169j-5p,Glyma10g10240,known,0.090183026
"gma-miR156(b,f)-NV",Glyma04g32002,known,0.093301719
"gma-miR396(a-5p,i-5p)",Glyma02g01370,novel,0.094672652
gma-miR319q,Glyma12g35720,known,0.096251776
gma-miR171k-3p,Glyma01g38360,known,0.098483797
"gma-miR164(b,c,d)",Glyma13g34950,known,0.099886375
gma-miR1510b-3p,Glyma13g26650,known,0.10170697
"gma-miR156(q,s)",Glyma17g08840,known,0.102542825
"gma-miR4415(a-3p,b-3p)",Glyma13g03650,novel,0.103842589
gma-miR172c,Glyma11g05720,known,0.103888887
gma-miR390e,Glyma16g26950,novel,0.10455192
"gma-miR172(a,b-3p,h-3p)",Glyma19g36200,known,0.105978683
gma-miR169n-3p,Glyma14g09130,novel,0.106418429
gma-miR4412-5p,Glyma12g33350,novel,0.106922712
gma-miR5043,Glyma08g14230,novel,0.1104789
gma-miR319c,Glyma13g29160,known,0.110712228
gma-miR1507c-3p,Glyma11g33251,known,0.111149384
"gma-miR156(a,h,u,v,w,x,y)",Glyma06g22545,known,0.111863451
"gma-miR159(a-3p,e-3p)",Glyma04g15150,known,0.111901375
gma-miR1507a,Glyma04g29220,known,0.112138454
"gma-miR172(a,b-3p,h-3p)",Glyma08g15050,novel,0.112896922
"gma-miR172(a,b-3p,h-3p)",Glyma13g19941,novel,0.113454358
gma-miR169j-5p-NV,Glyma10g02290,novel,0.113755536
gma-miR169d,Glyma10g10240,known,0.113861983
"gma-miR156(c,d,i,j,l,m)",Glyma05g38180,known,0.114652022
"gma-miR2118(a-3p,b-3p)",Glyma12g11780,novel,0.114746325
gma-miR408d,Glyma03g41560,novel,0.114746325
"gma-miR171(n,p)",Glyma03g03760,known,0.114972994
"gma-miR396(b-5p,c,k-5p)",Glyma03g36370,novel,0.115220484
"gma-miR162(b,c)",Glyma09g04950,novel,0.117591275
gma-miR1507c-3p,Glyma05g08621,known,0.118734307
"gma-miR167(a,b,d)",Glyma08g10550,known,0.119172878
"gma-miR482(a-5p-NV, c-5p-NV)",Glyma05g03960,novel,0.119962067
"gma-miR164(b,c,d)",Glyma08g18470,known,0.120544641
"gma-miR2118(a-3p,b-3p)",Glyma12g28730,novel,0.12209578
"gma-miR156(c,d,i,j,l,m)",Glyma08g01450,known,0.123565489
"gma-miR408(a-3p,b-3p,c-3p)",Glyma14g35530,known,0.123874107
"gma-miR164(a,e,f,g,h,i,j,k)",Glyma08g18470,known,0.123947359
gma-miR862b,Glyma08g12921,novel,0.124223549
"gma-miR396(a-5p,i-5p)",Glyma03g22874,novel,0.124755157
gma-miR1510b-3p,Glyma06g15123,known,0.125177809
gma-miR4379,Glyma11g08890,novel,0.127343333
gma-miR159e-5p,Glyma05g20973,novel,0.128209084
"gma-miR164(a,e,f,g,h,i,j,k)",Glyma17g10970,known,0.128454536
"gma-miR399(a,b,c,h)",Glyma15g08040,known,0.128695306
gma-miR1510b-3p,Glyma0220s50,known,0.130352294
gma-miR4413b,Glyma16g32210,novel,0.130547797
gma-miR408d,Glyma07g13840,novel,0.130614621
gma-miR1508c,Glyma16g27651,known,0.130712016
gma-miR156f,Glyma0005s50,known,0.131623431
gma-miR1510b-3p,Glyma16g34030,known,0.131816027
"gma-miR396(a-5p,i-5p)",Glyma03g36370,novel,0.132684257
"gma-miR394(a-5p,b-5p,c-5p,d,e,f,g)",Glyma05g28050,novel,0.133791982
gma-miR4998-3pNew,Glyma04g09290,novel,0.133949739
gma-miR166u,Glyma10g25340,novel,0.134438361
"gma-miR160(a-5p,f)",Glyma19g36571,known,0.135143145
gma-miR166u,Glyma01g38340,novel,0.135261692
"gma-miR167(c,j)",Glyma14g38940,known,0.135372214
novel-miRNA-20,Glyma12g09540,novel,0.135440308
"gma-miR396(b-5p,c,k-5p)",Glyma03g04750,novel,0.136420515
"gma-miR399(d,e,f,g)",Glyma15g08040,known,0.138374494
"gma-miR167(a,b,d)",Glyma18g05330,known,0.139867569
gma-miRPubNew569,Glyma04g15160,novel,0.140018406
"gma-miR396(b-5p,c,k-5p)",Glyma03g22874,novel,0.140858434
gma-miR159e-5p,Glyma15g37310,novel,0.141249362
gma-miR1513c-NV,Glyma17g02100,novel,0.142721669
"gma-miR172(a,b-3p,h-3p)",Glyma13g40470,known,0.144830582
gma-miR1507a,Glyma03g01130,novel,0.144855382
gma-miR1507c-3p,Glyma16g33080,known,0.145500186
gma-miR156e,Glyma19g32800,known,0.148839551
"gma-miR390(b-5p,d)",Glyma09g03731,novel,0.149122807
"gma-miR319(d,o)",Glyma06g34330,known,0.150339151
gma-miR156e,Glyma12g27330,known,0.15060897
"gma-miR390(b-5p,d)",Glyma06g05900,novel,0.153153153
gma-miR156f,Glyma13g35000,known,0.15320238
"gma-miR396(a-5p,i-5p)",Glyma09g12030,novel,0.154065784
"gma-miR2118(a-3p,b-3p)",Glyma06g45200,novel,0.154338549
"gma-miR169(a,f,g,m)",Glyma19g38800,known,0.155424424
gma-miR1513c-NV,Glyma08g27812,novel,0.156151232
gma-miR5374-5p,Glyma14g10900,novel,0.157119599
gma-miR319c,Glyma08g10350,known,0.157746835
gma-miR4351,Glyma15g01150,novel,0.159163298
"gma-miR156(k,n,o)",Glyma11g36980,known,0.160540673
gma-miR4416b,Glyma19g37570,novel,0.160894369
gma-miR393c-3p,Glyma05g28120,novel,0.161114458
"gma-miR396(b-5p,c,k-5p)",Glyma09g17255,novel,0.164523566
gma-miRPubNew811,Glyma17g10340,novel,0.165289103
gma-miR319i,Glyma15g35860,known,0.166314289
"gma-miR169(a,f,g,m)",Glyma15g03175,known,0.167993063
gma-miR1508c,Glyma09g30160,novel,0.168800379
"gma-miR171(m,t)",Glyma03g03760,known,0.16880966
"gma-miR156(b,f)-NV",Glyma02g30670,known,0.169284571
gma-miR9765-NV,Glyma06g09050,novel,0.169393055
gma-miR1510b-3p,Glyma04g39741,known,0.169511617
"gma-miR319(h,j,k,m)",Glyma06g43721,known,0.169511617
gma-miR167g,Glyma13g29320,known,0.169717347
"gma-miR156(q,s)",Glyma19g32800,known,0.170470038
"gma-miR167(c,j)",Glyma10g35160,novel,0.172356567
gma-miR5786-NV,Glyma15g18176,novel,0.173473711
gma-miR156f,Glyma01g08056,known,0.174605723
"gma-miR396(b-5p,c,k-5p)",Glyma09g12030,novel,0.174727359
gma-miR5036,Glyma08g09290,novel,0.175112883
gma-miR4416b,Glyma13g21480,novel,0.176016021
gma-miR4413b,Glyma15g24035,novel,0.176154014
gma-miR390e,Glyma14g11220,novel,0.176386913
"gma-miR171(r,s)",Glyma07g13470,novel,0.17643626
gma-miR862a,Glyma18g10700,novel,0.176728021
gma-miR4387e,Glyma19g41651,novel,0.177280907
"gma-miR156(b,f)-NV",Glyma11g36980,known,0.177345742
gma-miR1508c,Glyma12g13601,novel,0.178283547
gma-miR171i-3p,Glyma06g11610,known,0.180405998
"gma-miR396(b-5p,c,k-5p)",Glyma13g24340,novel,0.180417259
"gma-miR397(a,b-5p)",Glyma14g12243,novel,0.181008341
gma-miR408d,Glyma15g05641,novel,0.181128497
gma-miR156f,Glyma12g35460,known,0.183309523
gma-miR5672,Glyma20g31590,novel,0.183490745
"gma-miR2118(a-3p,b-3p)",Glyma08g12860,known,0.185395922
"gma-miR156(c,d,i,j,l,m)",Glyma03g29901,known,0.185616081
gma-miR1508c,Glyma09g30547,novel,0.185633001
gma-miR156e,Glyma08g01450,known,0.189702081
"gma-miR396(a-5p,i-5p)",Glyma09g36150,novel,0.190414381
"gma-miR395(a,b,c)",Glyma13g02080,known,0.19066012
"gma-miR393(h,i,j,k)",Glyma19g39420,known,0.19319854
"gma-miR1513(a-5p,b)",Glyma08g27941,novel,0.197059527
"gma-miR159(a-3p,e-3p)",Glyma19g40720,novel,0.198209946
gma-miR482a-5p,Glyma04g37330,novel,0.198431923
"gma-miR396(a-5p,i-5p)",Glyma09g17255,novel,0.199415036
gma-miR482a-5p,Glyma03g38490,novel,0.200071804
gma-miR1507b,Glyma07g07680,novel,0.200094832
"gma-miR164(b,c,d)",Glyma05g00930,known,0.200263592
"gma-miR172(a,b-3p,h-3p)",Glyma12g07800,known,0.203174498
gma-miR393c-3p,Glyma08g08230,novel,0.203525828
gma-miR169d,Glyma03g36140,known,0.203614269
gma-miR393c-3p,Glyma05g25207,novel,0.2036477
gma-miR156e,Glyma13g04871,novel,0.207344711
"gma-miR156(a,h,u,v,w,x,y)",Glyma02g30670,known,0.207681366
"gma-miR167(e,f)",Glyma14g38940,known,0.207681366
"gma-miR167(e,f)",Glyma15g09750,known,0.207681366
gma-miR171d,Glyma04g14650,known,0.208619676
"gma-miR156(c,d,i,j,l,m)",Glyma0005s50,known,0.209589514
"gma-miR169(o,r)",Glyma14g36020,novel,0.20966181
gma-miR319c,Glyma06g43721,known,0.209726105
gma-miR1513b-5pNew,Glyma11g12810,novel,0.209787796
gma-miR166u,Glyma02g17070,novel,0.210052157
"gma-miR164(b,c,d)",Glyma17g10970,known,0.210400727
gma-miR159e-5p,Glyma03g11670,novel,0.21059439
gma-miR156f,Glyma02g30670,known,0.214124241
"gma-miR160(b,c,d,e)",Glyma10g35481,known,0.214527491
gma-miR396h,Glyma13g30140,novel,0.214949399
gma-miR1509b,Glyma16g05290,novel,0.215790424
gma-miR172c,Glyma03g33470,known,0.216446296
"gma-miR160(b,c,d,e)",Glyma03g14450,novel,0.218407952
"gma-miR394(a-5p,b-5p,c-5p,d,e,f,g)",Glyma08g11030,novel,0.21859807
"gma-miR319(d,o)",Glyma12g20160,known,0.218792544
gma-miR319p,Glyma13g34710,novel,0.219791894
gma-miR156e,Glyma07g31880,known,0.220546096
gma-miRPubNew569,Glyma06g46990,novel,0.220700847
gma-miR2109-5p,Glyma02g03760,known,0.22083962
gma-miR156f,Glyma04g32002,known,0.221064893
gma-miR169n-3p,Glyma17g36050,novel,0.221192024
"gma-miR390(a-5p,f,g)",Glyma14g11220,novel,0.222380275
gma-miR9765-NV,Glyma08g06320,novel,0.223934473
gma-miR1509b,Glyma17g13200,novel,0.22414611
gma-miR5770a,Glyma03g00770,novel,0.225255321
"gma-miR156(a,h,u,v,w,x,y)",Glyma17g08840,known,0.226410621
"gma-miR167(c,j)",Glyma03g42360,novel,0.228070175
"gma-miR156(q,s)",Glyma18g36960,known,0.229185357
gma-miR159a-5p,Glyma17g18380,novel,0.229492651
gma-miR5671b,Glyma11g04720,novel,0.230088993
"gma-miR169(a,f,g,m)",Glyma03g36140,known,0.230984472
gma-miRPubNew170,Glyma05g33140,novel,0.23232546
gma-miR396h,Glyma11g13400,novel,0.232395522
"gma-miR156(k,n,o)",Glyma03g27195,known,0.234538998
gma-miR156e,Glyma19g26390,known,0.234626909
gma-miR171k-3p,Glyma01g33270,known,0.236306544
gma-miR393a,Glyma16g05500,known,0.237610812
"gma-miR169(o,r)",Glyma03g36140,known,0.237957144
gma-miR1507b,Glyma03g01130,novel,0.240161214
"gma-miR156(a,h,u,v,w,x,y)",Glyma11g36980,known,0.240398293
gma-miR5671b,Glyma02g25230,novel,0.240898543
"gma-miR156(b,f)-NV",Glyma01g08056,known,0.241005276
"gma-miR393(h,i,j,k)",Glyma02g17170,known,0.241428679
gma-miR396h,Glyma03g31420,novel,0.242285046
gma-miR408d,Glyma02g01960,novel,0.242294927
"gma-miR2118(a-3p,b-3p)",Glyma08g00850,novel,0.246088193
gma-miR319c,Glyma10g41220,novel,0.24650958
gma-miR172c,Glyma10g22390,known,0.246719437
"gma-miR396(a-5p,i-5p)",Glyma12g31821,novel,0.248729707
gma-miR169j-5p,Glyma19g38800,known,0.249530287
gma-miR393a,Glyma19g27280,known,0.250097124
gma-miR156e,Glyma05g38180,known,0.251920567
"gma-miR172(a,b-3p,h-3p)",Glyma15g04930,known,0.251932306
gma-miRPubNew661,Glyma07g30500,novel,0.253396989
"gma-miR319(h,j,k,m)",Glyma12g14200,known,0.253937937
"gma-miR167(e,f)",Glyma10g30370,novel,0.254771887
gma-miR319n,Glyma05g27367,known,0.256072823
gma-miR2109-5p,Glyma06g41714,novel,0.257806201
gma-miR156e,Glyma18g00903,known,0.257968346
"gma-miR393(c-5p,d,e,f,g)",Glyma16g05500,known,0.258188557
gma-miR5037a-5p-NV_ 5044-5pNew,Glyma07g00761,novel,0.25893154
"gma-miR408(a-3p,b-3p,c-3p)",Glyma07g13840,novel,0.260035325
gma-miR1508c,Glyma16g27787,novel,0.260550024
"gma-miR156(k,n,o)",Glyma02g45180,novel,0.260611817
"gma-miR167(e,f)",Glyma12g23150,novel,0.262446657
gma-miR171k-3p,Glyma03g03760,known,0.263451501
"gma-miR156(p,t)",Glyma07g31880,known,0.264377344
gma-miRPubNew187,Glyma06g12640,novel,0.266676064
gma-miR169j-5p,Glyma15g03175,known,0.275212628
gma-miR319p,Glyma13g34690,known,0.278070048
gma-miR1513c-NV,Glyma08g10360,novel,0.279279279
"gma-miR156(b,f)-NV",Glyma02g45180,novel,0.279295834
"gma-miR156(c,d,i,j,l,m)",Glyma18g00903,known,0.281272451
gma-miR319c,Glyma05g27367,known,0.281604633
"gma-miR398(c,d)",Glyma17g12170,novel,0.282361309
"gma-miR2118(a-3p,b-3p)",Glyma14g12710,novel,0.282647422
"gma-miR156(q,s)",Glyma02g13371,known,0.283919152
"gma-miR156(c,d,i,j,l,m)",Glyma19g26390,known,0.288867994
"gma-miR393(c-5p,d,e,f,g)",Glyma19g27280,known,0.290062041
gma-miR172c,Glyma02g09600,known,0.295396516
"gma-miR393(h,i,j,k)",Glyma10g02630,known,0.296330422
gma-miR1507c-3p,Glyma05g03365,known,0.297134445
gma-miR4397-5p,Glyma13g03270,novel,0.302120076
gma-miR319p,Glyma12g35720,known,0.30376001
gma-miR5770a,Glyma20g10380,novel,0.303821719
gma-miR162a,Glyma18g41730,novel,0.304330407
gma-miR156f,Glyma11g36980,known,0.304812155
"gma-miR167(c,j)",Glyma13g29320,known,0.306069227
"gma-miR156(q,s)",Glyma01g08056,known,0.307035742
"gma-miR171(c-3p,o-3p,q)",Glyma06g11610,known,0.307497412
"gma-miR156(p,t)",Glyma16g05895,known,0.309679874
gma-miR390e,Glyma06g05900,novel,0.313181603
"gma-miR319(g,l)",Glyma06g43721,known,0.314012207
"gma-miR156(q,s)",Glyma03g27195,known,0.315074545
"gma-miR396(a-5p,i-5p)",Glyma20g31980,novel,0.315139957
gma-miR159e-5p,Glyma17g18380,novel,0.315404097
gma-miR159e-5p,Glyma15g36990,novel,0.315600251
novel-miRNA-3,Glyma20g34750,novel,0.31567607
gma-miR156f,Glyma02g13371,known,0.317250254
"gma-miR397(a,b-5p)",Glyma09g10520,novel,0.318205499
"gma-miR393(h,i,j,k)-NV",Glyma11g11850,novel,0.318226146
gma-miR9736,Glyma06g08980,novel,0.31911434
gma-miR5036,Glyma05g26381,novel,0.320508432
"gma-miR393(h,i,j,k)",Glyma03g36770,known,0.324823732
"gma-miR162(b,c)",Glyma18g41730,novel,0.32550972
gma-miR171k-3p,Glyma10g40780,novel,0.327678408
gma-miR408d,Glyma03g26060,known,0.32813704
"gma-miR319(a,b,e)",Glyma06g43721,known,0.329777146
"gma-miR396(a-5p,i-5p)",Glyma15g23640,novel,0.331294889
gma-miR1510a-5p,Glyma02g08415,novel,0.333807492
"gma-miR393(c-5p,d,e,f,g)",Glyma19g39420,known,0.334204816
"gma-miR167(e,f)",Glyma02g40650,known,0.334992888
"gma-miR4415(a-3p,b-3p)",Glyma18g51610,novel,0.335561811
"gma-miR156(k,n,o)",Glyma02g13371,known,0.34052645
"gma-miR162(b,c)",Glyma15g15910,novel,0.341156946
gma-miR172c,Glyma10g36001,novel,0.341961141
gma-miR3522-NV2,Glyma09g39861,novel,0.348955313
gma-miR156e,Glyma06g36140,known,0.349340166
"gma-miR393(h,i,j,k)-NV",Glyma19g27280,known,0.350703148
gma-MIR482c-5p-NV2,Glyma05g03960,novel,0.353959222
"gma-miR156(c,d,i,j,l,m)",Glyma12g27330,known,0.354274107
"gma-miR319(a,b,e)",Glyma06g34330,known,0.355855856
"gma-miR156(p,t)",Glyma04g32002,known,0.357424799
"gma-miR395(a,b,c)",Glyma20g28980,known,0.358587687
"gma-miR319(h,j,k,m)",Glyma06g34330,known,0.360123281
"gma-miR398(a,b)",Glyma05g04170,known,0.361382255
gma-miRPubNew519,Glyma18g07240,known,0.362363145
gma-miR156e,Glyma0005s50,known,0.363459515
gma-miR5783,Glyma14g35750,novel,0.36438201
gma-miR4374c,Glyma15g09920,novel,0.366761498
"gma-miR156(b,f)-NV",Glyma02g13371,known,0.367257425
gma-miR171i-3p,Glyma13g02840,known,0.369545709
"gma-miR397(a,b-5p)",Glyma08g47400,known,0.370880601
"gma-miR390(a-5p,f,g)",Glyma09g03731,novel,0.37197724
"gma-miR156(p,t)",Glyma19g32800,known,0.37235006
"gma-miR1515(a,b)",Glyma09g02920,novel,0.373896035
"gma-miR393(h,i,j,k)-NV",Glyma16g05500,known,0.374697351
gma-miR319c,Glyma13g36840,known,0.375673846
gma-miR156f,Glyma18g36960,known,0.376738715
"gma-miR396(b-5p,c,k-5p)",Glyma04g03030,novel,0.379563774
gma-miR159a-5p,Glyma03g11670,novel,0.380275012
gma-miR156f,Glyma07g07870,novel,0.38085775
"gma-miR319(g,l)",Glyma12g14200,known,0.390368511
"gma-miR390(a-5p,f,g)",Glyma06g05900,novel,0.390469417
gma-miR5672,Glyma17g03020,novel,0.390741634
gma-miR1510b-5p,Glyma14g02110,novel,0.399952584
gma-miR171k-3p,Glyma11g17490,known,0.400145748
gma-miR1513c-NV,Glyma06g03270,novel,0.400189663
"gma-miR167(a,b,d)",Glyma02g45100,known,0.405092636
"gma-miR319(g,l)",Glyma12g20160,known,0.406485093
"gma-miR156(k,n,o)",Glyma01g08056,known,0.40668723
"gma-miR828(a,b)",Glyma17g15270,novel,0.407065029
"gma-miR396(a-5p,i-5p)",Glyma06g01940,novel,0.409421125
"gma-miR396(a-5p,i-5p)",Glyma11g13400,novel,0.412307121
gma-miR482c-5p-NV,Glyma20g27731,novel,0.412542233
gma-miR156e,Glyma03g29901,known,0.41408315
"gma-miR167(e,f)",Glyma12g08930,novel,0.417970602
"gma-miR171(c-3p,o-3p,q)",Glyma13g02840,known,0.419867236
"gma-miR390(a-5p,f,g)",Glyma04g05912,novel,0.429350403
gma-miR319c,Glyma12g33640,known,0.431753569
gma-miR319p,Glyma15g09910,known,0.432923428
"gma-miR156(c,d,i,j,l,m)",Glyma07g31880,known,0.433653288
"gma-miR408(a-3p,b-3p,c-3p)",Glyma03g26060,known,0.434117718
"gma-miR171(c-3p,o-3p,q)",Glyma04g43090,known,0.436658305
"gma-miR319(a,b,e)",Glyma12g14200,known,0.440742855
"gma-miR156(c,d,i,j,l,m)",Glyma06g36140,known,0.442490838
gma-miR319p,Glyma08g10350,known,0.443627579
"gma-miR156(a,h,u,v,w,x,y)",Glyma03g27195,known,0.444021732
gma-miR169j-5p-NV,Glyma02g02170,novel,0.444311397
"gma-miR2111(b,c,e,f)",Glyma05g09341,novel,0.444660618
"gma-miR319(h,j,k,m)",Glyma12g20160,known,0.445234708
gma-miR4407,Glyma18g33210,novel,0.446161206
"gma-miR396(b-5p,c,k-5p)",Glyma15g23640,novel,0.447842579
"gma-miR156(b,f)-NV",Glyma07g07870,novel,0.450240058
gma-miR393a,Glyma19g39420,known,0.450372626
"gma-miR167(a,b,d)",Glyma14g03650,known,0.450525809
"gma-miR396(a-5p,i-5p)",Glyma03g30630,novel,0.450556298
"gma-miR319(g,l)",Glyma06g34330,known,0.450619879
"gma-miR396(a-5p,i-5p)",Glyma04g01830,novel,0.460145866
"gma-miR167(e,f)",Glyma05g27580,known,0.464201043
"gma-miR399(d,e,f,g)",Glyma07g31630,known,0.465900363
gma-miR3522-NV2,Glyma16g05240,novel,0.46799431
gma-miR408d,Glyma10g00440,novel,0.471860552
gma-miR393a,Glyma02g17170,known,0.473738101
"gma-miR393(c-5p,d,e,f,g)",Glyma02g17170,known,0.474901576
gma-miR393c-3p,Glyma16g04190,novel,0.478834119
gma-miR172c,Glyma08g01290,novel,0.481302946
"gma-miR398(a,b)",Glyma07g03680,novel,0.483177632
"gma-miR396(b-5p,c,k-5p)",Glyma11g13400,novel,0.484826932
"gma-miR408(a-3p,b-3p,c-3p)",Glyma02g26480,novel,0.487434803
"gma-miR393(h,i,j,k)-NV",Glyma19g39420,known,0.489093955
"gma-miR319(a,b,e)",Glyma12g20160,known,0.491702229
"gma-miR396(b-5p,c,k-5p)",Glyma06g03070,novel,0.491702229
gma-miR171k-3p,Glyma01g18040,known,0.492729441
"gma-miR156(p,t)",Glyma12g27330,known,0.495921025
"gma-miR396(b-5p,c,k-5p)",Glyma20g31980,novel,0.504267425
"gma-miR156(c,d,i,j,l,m)",Glyma02g10371,novel,0.506527772
gma-miR171k-3p,Glyma13g02840,known,0.51187633
"gma-miR156(b,f)-NV",Glyma18g36960,known,0.51640885
"gma-miR393(c-5p,d,e,f,g)",Glyma03g36770,known,0.518644266
gma-miR319q,Glyma06g34330,known,0.520406059
gma-miR393a,Glyma03g36770,known,0.525043245
"gma-miR156(p,t)",Glyma19g26390,known,0.526010014
gma-miR482c-3p,Glyma03g36040,novel,0.530946185
"gma-miR394(a-5p,b-5p,c-5p,d,e,f,g)",Glyma20g30541,novel,0.533032949
gma-miR319q,Glyma12g20160,known,0.537884615
"gma-miR156(p,t)",Glyma0005s50,known,0.54095646
gma-miR4407,Glyma08g09690,novel,0.543591392
gma-miR4379,Glyma18g53545,novel,0.543859649
"gma-miR156(a,h,u,v,w,x,y)",Glyma02g13371,known,0.54931247
gma-miR319q,Glyma01g01620,novel,0.551412539
"gma-miR390(a-3p,c)",Glyma06g15010,novel,0.558517632
gma-miR393a,Glyma10g02630,known,0.562502181
gma-miR396a-3p,Glyma16g00260,novel,0.562633315
gma-miR1512c,Glyma10g21350,novel,0.563165676
"gma-miR156(p,t)",Glyma18g00903,known,0.563507239
"gma-miR408(a-3p,b-3p,c-3p)",Glyma01g04160,novel,0.567330488
"gma-miR396(a-5p,i-5p)",Glyma17g12035,novel,0.567521187
gma-miR4407,Glyma05g26680,novel,0.569461348
"gma-miR396(b-5p,c,k-5p)",Glyma05g37240,novel,0.573020389
gma-miR319p,Glyma05g27367,known,0.573266737
"gma-miR398(a,b-3p)-NV",Glyma05g33140,novel,0.580981757
"gma-miR396(b-5p,c,k-5p)",Glyma03g30630,novel,0.583926031
"gma-miR398(a,b-3p)-NV",Glyma07g03680,novel,0.586198736
gma-miR390e,Glyma04g05912,novel,0.587956377
"gma-miR156(p,t)",Glyma08g01450,known,0.590430725
"gma-miR156(p,t)",Glyma05g38180,known,0.590550732
"gma-miR398(a,b)",Glyma05g35830,known,0.592573904
gma-miR171k-3p,Glyma06g11610,known,0.595308138
gma-miR319p,Glyma13g29160,known,0.598243089
"gma-miR393(c-5p,d,e,f,g)",Glyma10g02630,known,0.600128361
"gma-miR393(h,i,j,k)-NV",Glyma02g17170,known,0.601309268
"gma-miR156(a,h,u,v,w,x,y)",Glyma01g08056,known,0.602892366
gma-miR1510b-5p,Glyma02g08415,novel,0.60455192
"gma-miR396(b-5p,c,k-5p)",Glyma13g22830,novel,0.60754762
"gma-miR167(e,f)",Glyma10g35160,novel,0.614983404
gma-miR319q,Glyma09g27533,novel,0.627192855
"gma-miR393(h,i,j,k)-NV",Glyma03g36770,known,0.628211859
"gma-miR396(b-5p,c,k-5p)",Glyma13g22840,novel,0.63765712
"gma-miR396(a-5p,i-5p)",Glyma13g22830,novel,0.646486477
"gma-miR399(d,e,f,g)",Glyma13g24810,known,0.65173234
"gma-miR393(h,i,j,k)-NV",Glyma10g02630,known,0.661658324
"gma-miR398(a,b-3p)-NV",Glyma14g39910,novel,0.675835921
gma-miR167g,Glyma10g30370,novel,0.68157676
"gma-miR156(a,h,u,v,w,x,y)",Glyma18g36960,known,0.709233825
"gma-miR167(e,f)",Glyma11g33110,novel,0.712829045
gma-miR4346,Glyma14g05945,novel,0.716927454
"gma-miR167(c,j)",Glyma10g30370,novel,0.72067225
"gma-miR156(p,t)",Glyma03g29901,known,0.755188854
gma-miR171k-3p,Glyma04g43090,known,0.760426064
"gma-miR396(b-5p,c,k-5p)",Glyma17g12035,novel,0.766912479
"gma-miR156(k,n,o)",Glyma18g36960,known,0.767806614
gma-miR3522-NV2,Glyma15g06081,novel,0.796396184
"gma-miR396(a-5p,i-5p)",Glyma13g22840,novel,0.879939709